<?xml version="1.0" encoding="UTF-8"?>
<!-- da 11 a 20 -->
<!DOCTYPE catalogo SYSTEM "audisioDTD.dtd">
<catalogo>
    <film id="011">
        <titolo>Toro scatenato</titolo>
        <generi>
            <genere value="Biografico"/>
        </generi>
        <anno value="1980"></anno>
        <regista nome="Martin Scorsese"></regista>
        <attori>
            <attore nome="Robert De Niro"></attore>
            <attore nome="Joe Pesci"></attore>
            <attore nome="Cathy Moriarty"></attore>
            <attore nome="Frank Vincent"></attore>
            <attore nome="Nicholas Colasanto"></attore>
        </attori>
        <formato value="DVD"/>
        <voto value="7"/>
    </film>
    <film id="012">
        <titolo>L'appartamento</titolo>
        <generi>
            <genere value="Commedia"/>
        </generi>
        <anno value="1960"></anno>
        <regista nome="Billy Wilder"></regista>
        <attori>
            <attore nome="Jack Lemmon"></attore>
            <attore nome="Shirley MacLaine"></attore>
            <attore nome="Fred MacMurray"></attore>
            <attore nome="Ray Walston"></attore>
            <attore nome="Jack Kruschen"></attore>
        </attori>
        <formato value="VHS"/>
        <voto value="8"/>
    </film>
        <film id="013">
        <titolo>Chinatown</titolo>
        <generi>
            <genere value="Noir"/>
        </generi>
        <anno value="1974"></anno>
        <regista nome="Roman Polanski"></regista>
        <attori>
            <attore nome="Jack Nicholson"></attore>
            <attore nome="Faye Dunaway"></attore>
            <attore nome="John Huston"></attore>
            <attore nome="Perry Lopez"></attore>
            <attore nome="John Hillerman"></attore>
        </attori>
        <formato value="VHS"/>
        <voto value="6"/>
    </film>
    <film id="014">
        <titolo>C'era una volta il West</titolo>
        <generi>
            <genere value="Avventura"/>
        </generi>
        <anno value="1968"></anno>
        <regista nome="Sergio Leono"></regista>
        <attori>
            <attore nome="Charles Bronson"></attore>
            <attore nome="Claudia Cardinale"></attore>
            <attore nome="Hanry Fonda"></attore>
            <attore nome="Jason Robards"></attore>
            <attore nome="Gabriele Ferzetti"></attore>
        </attori>
        <formato value="VHS"/>
        <voto value="2"/>
    </film>
    <film id="015">
        <titolo>Il cavaliere oscuro</titolo>
        <generi>
            <genere value="Azione"/>
        </generi>
        <anno value="2008"></anno>
        <regista nome="Christopher Nolan"></regista>
        <attori>
            <attore nome="Christopher Bale"></attore>
            <attore nome="Micheal Caine"></attore>
            <attore nome="Health Ledger"></attore>
            <attore nome="Gary Oldman"></attore>
            <attore nome="Aaron Eckhart"></attore>
        </attori>
        <formato value="DVD"/>
        <voto value="7"/>
    </film>
    <film id="016">
        <titolo>Odissea nello spazio</titolo>
        <generi>
            <genere value="Fantascienza"/>
        </generi>
        <anno value="1968"></anno>
        <regista nome="Stanley Kubrick"></regista>
        <attori>
            <attore nome="Keir Dullea"></attore>
            <attore nome="Gary Lockwood"></attore>
            <attore nome="William Sylvester"></attore>
            <attore nome="Daniel Richter"></attore>
            <attore nome="Leonard Rossiter"></attore>
        </attori>
        <formato value="VHS"/>
        <voto value="4"/>
    </film>
    <film id="017">
        <titolo>Taxi Driver</titolo>
        <generi>
            <genere value="Drammatico"/>
        </generi>
        <anno value="1996"></anno>
        <regista nome="Martin Scorsese"></regista>
        <attori>
            <attore nome="Robert De Niro"></attore>
            <attore nome="Jodie Foster"></attore>
            <attore nome="Albert Brooks"></attore>
            <attore nome="Harvey Keitel"></attore>
            <attore nome="Leonard Harris"></attore>
        </attori>
        <formato value="DVD"/>
        <voto value="10"/>
    </film>
    <film id="018">
        <titolo>Casablanca</titolo>
        <generi>
            <genere value="Drammatico"/>
        </generi>
        <anno value="1942"></anno>
        <regista nome="Michael Curtiz"></regista>
        <attori>
            <attore nome="Humphrey Bogart"></attore>
            <attore nome="Ingrid Bergman"></attore>
            <attore nome="Paul Henreid"></attore>
            <attore nome="Claude Rains"></attore>
            <attore nome="Conrad Veidt"></attore>
        </attori>
        <formato value="VHS">/<
        <voto value="1"/>
    </film>
    <film id="019">
        <titolo>Il padrino - Parte II</titolo>
        <generi>
            <genere value="Drammatico"/>
        </generi>
        <anno value="1974"></anno>
        <regista nome="Francis Ford Coppola"></regista>
        <attori>
            <attore nome="Al Pacino"></attore>
            <attore nome="Robert Duvall"></attore>
            <attore nome="Diane Keaton"></attore>
            <attore nome="Robert De"> Niro</attore>
            <attore nome="John Cazale"></attore>
        </attori>
        <formato value="VHS"/>
        <voto value="10"/>
    </film>
    <film id="020">
        <titolo>Blade Runner</titolo>
        <generi>
            <genere value="Fantascienza"/>
        </generi>
        <anno value="1982"></anno>
        <regista nome="Ridley Scott"></regista>
        <attori>
            <attore nome="Harrison Ford"></attore>
            <attore nome="Rutger Hauer"></attore>
            <attore nome="Sean Young"></attore>
            <attore nome="Daryl Hannah"></attore>
            <attore nome="Brion James"></attore>
        </attori>
        <formato value="DVD"/>
        <voto value="2"/>
    </film>
</catalogo>