ID_studente,Cognome,Nome,DataNascita,Indirizzo,CorsoLaurea,Id_Esame
1,Rossi,Marco,1998-05-15,"Via Roma, 123",Ingegneria Elettrica,5
2,Bianchi,Laura,1999-08-22,"Via Milano, 456",Medicina,4
3,Verdi,Luca,1997-12-10,"Corso Italia, 78",Economia,3
4,Neri,Chiara,2000-03-03,"Viale Europa, 5",Architettura,4
5,Bianchi,Rosa,1999-03-26,"Via Dante, 65",Ingegneria Informatica,1
6,Gialli,Marta,1997-12-23,"Corso Italia, 3",Medicina,1
7,Arancioni,Fabio,1998-10-04,"Via Roma, 31",Medicina,3
8,Verdoni,Carlo,2000-02-02,"Corso XXV Aprile, 4",Ingegneria Informatica,1
